INSERT INTO geo_divisions (id, name, bn_name, status, created_at) VALUES ('45c4e2b4-257b-45b9-bc88-99ba4a28c49a', 'Dhaka', 'ঢাকা', 'active', now());
INSERT INTO geo_divisions (id, name, bn_name, status, created_at) VALUES ('6a0e246e-582b-4984-973d-453437cf07ec', 'Chittagong', 'চট্টগ্রাম', 'active', now());
INSERT INTO geo_divisions (id, name, bn_name, status, created_at) VALUES ('99f50fe6-f07b-4b10-8cfa-2560b18918e9', 'Rajshahi', 'রাজশাহী', 'active', now());
INSERT INTO geo_divisions (id, name, bn_name, status, created_at) VALUES ('5d1e02dd-f777-4739-80f7-110cd1538b48', 'Khulna', 'খুলনা', 'active', now());
INSERT INTO geo_divisions (id, name, bn_name, status, created_at) VALUES ('1d246382-823f-446a-94b8-31d107e45a88', 'Barisal', 'বরিশাল', 'active', now());
INSERT INTO geo_divisions (id, name, bn_name, status, created_at) VALUES ('29c04e6b-4f2e-46be-a970-e1da2d21da6b', 'Sylhet', 'সিলেট', 'active', now());
INSERT INTO geo_divisions (id, name, bn_name, status, created_at) VALUES ('f0cd9a99-13be-4b19-8387-f64c68adf670', 'Rangpur', 'রংপুর', 'active', now());
INSERT INTO geo_divisions (id, name, bn_name, status, created_at) VALUES ('de715e1f-7ea6-4f99-ae5f-180039ebf17e', 'Mymensingh', 'ময়মনসিংহ', 'active', now());
INSERT INTO geo_districts (id, division_id, name, bn_name, status, created_at) VALUES ('71944d82-f396-477c-b78c-39b504ad31da', '45c4e2b4-257b-45b9-bc88-99ba4a28c49a', 'Dhaka', 'ঢাকা', 'active', now());
INSERT INTO geo_districts (id, division_id, name, bn_name, status, created_at) VALUES ('3b4e9e00-dd61-4ced-acac-1968bbb41cba', '45c4e2b4-257b-45b9-bc88-99ba4a28c49a', 'Gazipur', 'গাজীপুর', 'active', now());
INSERT INTO geo_districts (id, division_id, name, bn_name, status, created_at) VALUES ('41c06c0f-6f67-4b09-8515-cc665be9e65c', '45c4e2b4-257b-45b9-bc88-99ba4a28c49a', 'Narayanganj', 'নারায়ণগঞ্জ', 'active', now());
INSERT INTO geo_districts (id, division_id, name, bn_name, status, created_at) VALUES ('9144958d-94cd-4554-a4b3-bd7a9df631f9', '45c4e2b4-257b-45b9-bc88-99ba4a28c49a', 'Tangail', 'টাঙ্গাইল', 'active', now());
INSERT INTO geo_districts (id, division_id, name, bn_name, status, created_at) VALUES ('bf70cdfc-3e21-46d1-9ed1-cae24e5b1769', '6a0e246e-582b-4984-973d-453437cf07ec', 'Chittagong', 'চট্টগ্রাম', 'active', now());
INSERT INTO geo_districts (id, division_id, name, bn_name, status, created_at) VALUES ('823d2db5-6c51-4f0c-b0ea-fe3f8750dc18', '6a0e246e-582b-4984-973d-453437cf07ec', 'Cox''s Bazar', 'কক্সবাজার', 'active', now());
INSERT INTO geo_districts (id, division_id, name, bn_name, status, created_at) VALUES ('f66307e3-e8e6-49db-8e5d-dc0b5311005d', '6a0e246e-582b-4984-973d-453437cf07ec', 'Comilla', 'কুমিল্লা', 'active', now());
INSERT INTO geo_districts (id, division_id, name, bn_name, status, created_at) VALUES ('6a912108-cfbe-4765-b24d-b0aea6d69418', '99f50fe6-f07b-4b10-8cfa-2560b18918e9', 'Rajshahi', 'রাজশাহী', 'active', now());
INSERT INTO geo_districts (id, division_id, name, bn_name, status, created_at) VALUES ('6634cee3-b9e3-4884-83df-c39dca577831', '99f50fe6-f07b-4b10-8cfa-2560b18918e9', 'Bogra', 'বগুড়া', 'active', now());
INSERT INTO geo_districts (id, division_id, name, bn_name, status, created_at) VALUES ('e088c7c6-9b35-4dd5-90fb-ca8409a991c2', '99f50fe6-f07b-4b10-8cfa-2560b18918e9', 'Pabna', 'পাবনা', 'active', now());
INSERT INTO geo_districts (id, division_id, name, bn_name, status, created_at) VALUES ('2f3efea1-6839-4189-a49d-d4fb291d8fa6', '5d1e02dd-f777-4739-80f7-110cd1538b48', 'Khulna', 'খুলনা', 'active', now());
INSERT INTO geo_districts (id, division_id, name, bn_name, status, created_at) VALUES ('fed675cb-a26f-4db9-b228-c2c7d4cb7bc8', '5d1e02dd-f777-4739-80f7-110cd1538b48', 'Jessore', 'যশোর', 'active', now());
INSERT INTO geo_districts (id, division_id, name, bn_name, status, created_at) VALUES ('498585b7-02f6-4a9c-b92d-8e98be121919', '1d246382-823f-446a-94b8-31d107e45a88', 'Barisal', 'বরিশাল', 'active', now());
INSERT INTO geo_districts (id, division_id, name, bn_name, status, created_at) VALUES ('168fe2b7-0a8f-4692-8480-e53a192df4b9', '29c04e6b-4f2e-46be-a970-e1da2d21da6b', 'Sylhet', 'সিলেট', 'active', now());
INSERT INTO geo_districts (id, division_id, name, bn_name, status, created_at) VALUES ('41b02bd8-a056-4c5c-b693-6b423bff84ed', 'f0cd9a99-13be-4b19-8387-f64c68adf670', 'Rangpur', 'রংপুর', 'active', now());
INSERT INTO geo_districts (id, division_id, name, bn_name, status, created_at) VALUES ('6b414e5b-0445-4616-a6f8-62b0c78704fc', 'f0cd9a99-13be-4b19-8387-f64c68adf670', 'Dinajpur', 'দিনাজপুর', 'active', now());
INSERT INTO geo_districts (id, division_id, name, bn_name, status, created_at) VALUES ('2e26d891-790e-4830-9a68-4507e08fa9cb', 'de715e1f-7ea6-4f99-ae5f-180039ebf17e', 'Mymensingh', 'ময়মনসিংহ', 'active', now());
INSERT INTO geo_upazilas (id, district_id, name, status, created_at) VALUES ('ad467ee1-ef5b-492e-91e7-de59ea388c76', '71944d82-f396-477c-b78c-39b504ad31da', 'Dhanmondi', 'active', now());
INSERT INTO geo_upazilas (id, district_id, name, status, created_at) VALUES ('11d92426-c359-419a-9b41-4134273d290b', '71944d82-f396-477c-b78c-39b504ad31da', 'Gulshan', 'active', now());
INSERT INTO geo_upazilas (id, district_id, name, status, created_at) VALUES ('58d33553-e971-4c28-aec6-b2b712f88ca5', '71944d82-f396-477c-b78c-39b504ad31da', 'Mirpur', 'active', now());
INSERT INTO geo_upazilas (id, district_id, name, status, created_at) VALUES ('244d9103-94de-42c4-87b0-67684a815b8a', '71944d82-f396-477c-b78c-39b504ad31da', 'Uttara', 'active', now());
INSERT INTO geo_upazilas (id, district_id, name, status, created_at) VALUES ('4af41d74-dca3-4fc1-b0aa-6232897f2365', '71944d82-f396-477c-b78c-39b504ad31da', 'Mohammadpur', 'active', now());
INSERT INTO geo_upazilas (id, district_id, name, status, created_at) VALUES ('9af61b8b-8462-4815-8703-22789161425f', '3b4e9e00-dd61-4ced-acac-1968bbb41cba', 'Gazipur Sadar', 'active', now());
INSERT INTO geo_upazilas (id, district_id, name, status, created_at) VALUES ('923adbc2-2e2e-4731-94e7-2b4f19e728a3', '3b4e9e00-dd61-4ced-acac-1968bbb41cba', 'Kaliakoir', 'active', now());
INSERT INTO geo_upazilas (id, district_id, name, status, created_at) VALUES ('946d36f6-1733-4e6b-bfd3-7530ce0cf350', '3b4e9e00-dd61-4ced-acac-1968bbb41cba', 'Kaliganj', 'active', now());
INSERT INTO geo_upazilas (id, district_id, name, status, created_at) VALUES ('66bf8c71-838c-45c4-ae37-71ffa9bd7746', 'bf70cdfc-3e21-46d1-9ed1-cae24e5b1769', 'Kotwali', 'active', now());
INSERT INTO geo_upazilas (id, district_id, name, status, created_at) VALUES ('e43781b9-9ef8-40a4-81df-334b4873b3c1', 'bf70cdfc-3e21-46d1-9ed1-cae24e5b1769', 'Pahartali', 'active', now());
INSERT INTO geo_upazilas (id, district_id, name, status, created_at) VALUES ('910e58a3-fa98-4ba7-8c0c-d12b5040dcaf', 'bf70cdfc-3e21-46d1-9ed1-cae24e5b1769', 'Patenga', 'active', now());
INSERT INTO geo_upazilas (id, district_id, name, status, created_at) VALUES ('5e47a4c8-ef64-4d40-8dc3-d40b095ebaa8', '6a912108-cfbe-4765-b24d-b0aea6d69418', 'Rajshahi Sadar', 'active', now());
INSERT INTO geo_upazilas (id, district_id, name, status, created_at) VALUES ('19bbaea4-bd18-42eb-9f97-67f8925238fb', '6a912108-cfbe-4765-b24d-b0aea6d69418', 'Boalia', 'active', now());
INSERT INTO geo_upazilas (id, district_id, name, status, created_at) VALUES ('d45dc9b2-35e2-4711-9bb5-e6ffe5bc2b84', '41b02bd8-a056-4c5c-b693-6b423bff84ed', 'Rangpur Sadar', 'active', now());
INSERT INTO geo_upazilas (id, district_id, name, status, created_at) VALUES ('4a52c765-4368-4c5c-9251-516340db57ff', '41b02bd8-a056-4c5c-b693-6b423bff84ed', 'Mithapukur', 'active', now());
INSERT INTO geo_upazilas (id, district_id, name, status, created_at) VALUES ('f6fe152d-bdb9-4731-bee1-cdced4918f8e', '168fe2b7-0a8f-4692-8480-e53a192df4b9', 'Sylhet Sadar', 'active', now());
INSERT INTO geo_upazilas (id, district_id, name, status, created_at) VALUES ('d67e8c07-6bfe-4a3f-964f-eee40ea6ee70', '2e26d891-790e-4830-9a68-4507e08fa9cb', 'Mymensingh Sadar', 'active', now());