INSERT INTO packages (id, name, speed, monthly_price, download_speed, upload_speed, is_active, created_at, updated_at) VALUES ('cf5066a4-44fc-4aa2-b234-a691fc8583a8', 'Basic 10Mbps', '10M', 500, 10, 5, true, now(), now());
INSERT INTO packages (id, name, speed, monthly_price, download_speed, upload_speed, is_active, created_at, updated_at) VALUES ('a03ea8d2-3833-4232-8017-04ef3e271278', 'Standard 20Mbps', '20M', 800, 20, 10, true, now(), now());
INSERT INTO packages (id, name, speed, monthly_price, download_speed, upload_speed, is_active, created_at, updated_at) VALUES ('9ff074bf-79db-4aac-a623-ddeb18e78028', 'Premium 30Mbps', '30M', 1200, 30, 15, true, now(), now());
INSERT INTO packages (id, name, speed, monthly_price, download_speed, upload_speed, is_active, created_at, updated_at) VALUES ('2aa48aa0-06f1-4cef-a2c9-581e2f4b165b', 'Ultra 50Mbps', '50M', 2000, 50, 25, true, now(), now());
INSERT INTO packages (id, name, speed, monthly_price, download_speed, upload_speed, is_active, created_at, updated_at) VALUES ('34bf1f30-054e-49f1-8a15-606dcbdcfd1e', 'Enterprise 100Mbps', '100M', 5000, 100, 50, true, now(), now());
INSERT INTO products (id, name, sku, category, unit, buy_price, sell_price, stock, status, created_at, updated_at) VALUES ('a96cb383-1b96-4a44-831f-86fb87c78970', 'ONU ZTE F660', 'NET-001', 'Network', 'pcs', 1200, 1800, 50, 'active', now(), now());
INSERT INTO products (id, name, sku, category, unit, buy_price, sell_price, stock, status, created_at, updated_at) VALUES ('dcda5107-e245-4556-9fd6-0d9be584f677', 'TP-Link Router', 'NET-002', 'Network', 'pcs', 800, 1500, 30, 'active', now(), now());
INSERT INTO products (id, name, sku, category, unit, buy_price, sell_price, stock, status, created_at, updated_at) VALUES ('b13dc135-5c93-42b7-9f30-181feea2ed5f', 'Fiber Patch Cord 3m', 'CAB-001', 'Cable', 'pcs', 50, 120, 200, 'active', now(), now());
INSERT INTO products (id, name, sku, category, unit, buy_price, sell_price, stock, status, created_at, updated_at) VALUES ('e1d616b1-c8e2-44fd-b036-64675c91a0e3', 'Fiber Patch Cord 5m', 'CAB-002', 'Cable', 'pcs', 70, 150, 150, 'active', now(), now());
INSERT INTO products (id, name, sku, category, unit, buy_price, sell_price, stock, status, created_at, updated_at) VALUES ('13872b7d-7d75-46cc-8a52-f8ce6ba45f64', 'RJ45 Connector', 'CON-001', 'Connector', 'box', 200, 400, 100, 'active', now(), now());
INSERT INTO products (id, name, sku, category, unit, buy_price, sell_price, stock, status, created_at, updated_at) VALUES ('659a9d3a-46f8-43af-9ef5-41ae21f8b747', 'Cat6 Cable 305m', 'CAB-003', 'Cable', 'roll', 4500, 6000, 25, 'active', now(), now());
INSERT INTO products (id, name, sku, category, unit, buy_price, sell_price, stock, status, created_at, updated_at) VALUES ('9776e6f4-c233-4719-b531-b7b2ce9e5d5f', 'UPS 650VA', 'PWR-001', 'Power', 'pcs', 2000, 3500, 15, 'active', now(), now());
INSERT INTO products (id, name, sku, category, unit, buy_price, sell_price, stock, status, created_at, updated_at) VALUES ('cf38e760-4a2a-41d3-a206-1c92a66aefbd', 'Media Converter', 'NET-003', 'Network', 'pcs', 600, 1000, 40, 'active', now(), now());
INSERT INTO suppliers (id, name, phone, email, company, address, total_due, status, created_at, updated_at) VALUES ('464620f5-4b02-4732-ab9b-a421b98a186e', 'TechBD Supplies', '01711111111', 'techbd@mail.com', 'TechBD Ltd', 'Dhaka', 0, 'active', now(), now());
INSERT INTO suppliers (id, name, phone, email, company, address, total_due, status, created_at, updated_at) VALUES ('7e0d8e45-da01-4258-97fe-4d33b3244417', 'FiberOptic House', '01722222222', 'fiber@mail.com', 'FiberOptic Co', 'Chittagong', 0, 'active', now(), now());
INSERT INTO suppliers (id, name, phone, email, company, address, total_due, status, created_at, updated_at) VALUES ('de57f58b-e716-4752-8db2-143ce58e5176', 'NetGear BD', '01733333333', 'netgear@mail.com', 'NetGear BD', 'Gazipur', 0, 'active', now(), now());
INSERT INTO customers (id, customer_id, name, phone, area, package_id, monthly_bill, pppoe_username, status, connection_status, mikrotik_sync_status, created_at, updated_at) VALUES ('3e069ef3-51c9-49b1-b8f1-978d29791164', 'SN-001', 'Abul Hasan', '01811111001', 'Dhanmondi', 'cf5066a4-44fc-4aa2-b234-a691fc8583a8', 500, 'abul.hasan.001', 'active', 'active', 'pending', now(), now());
INSERT INTO customers (id, customer_id, name, phone, area, package_id, monthly_bill, pppoe_username, status, connection_status, mikrotik_sync_status, created_at, updated_at) VALUES ('3cb15f58-26c0-4387-93f5-18c9ed70a72a', 'SN-002', 'Faruk Ahmed', '01811111002', 'Gulshan', 'a03ea8d2-3833-4232-8017-04ef3e271278', 800, 'faruk.ahmed.002', 'active', 'active', 'pending', now(), now());
INSERT INTO customers (id, customer_id, name, phone, area, package_id, monthly_bill, pppoe_username, status, connection_status, mikrotik_sync_status, created_at, updated_at) VALUES ('3264b647-f6a4-4911-9dbe-ceabc2eb89db', 'SN-003', 'Nasir Uddin', '01811111003', 'Mirpur', '9ff074bf-79db-4aac-a623-ddeb18e78028', 1200, 'nasir.uddin.003', 'active', 'active', 'pending', now(), now());
INSERT INTO customers (id, customer_id, name, phone, area, package_id, monthly_bill, pppoe_username, status, connection_status, mikrotik_sync_status, created_at, updated_at) VALUES ('a979b4b0-7173-4a25-a1fc-7e3b6e7bfbbb', 'SN-004', 'Sumon Islam', '01811111004', 'Uttara', '2aa48aa0-06f1-4cef-a2c9-581e2f4b165b', 2000, 'sumon.islam.004', 'active', 'active', 'pending', now(), now());
INSERT INTO customers (id, customer_id, name, phone, area, package_id, monthly_bill, pppoe_username, status, connection_status, mikrotik_sync_status, created_at, updated_at) VALUES ('5d1566cb-8fbe-43e9-af0e-45d633c14de2', 'SN-005', 'Roni Mia', '01811111005', 'Mohammadpur', 'cf5066a4-44fc-4aa2-b234-a691fc8583a8', 500, 'roni.mia.005', 'active', 'active', 'pending', now(), now());
INSERT INTO customers (id, customer_id, name, phone, area, package_id, monthly_bill, pppoe_username, status, connection_status, mikrotik_sync_status, created_at, updated_at) VALUES ('015a166f-406c-44b4-ba64-d2fd25042180', 'NZ-001', 'Jahid Khan', '01822222001', 'Gazipur Sadar', 'a03ea8d2-3833-4232-8017-04ef3e271278', 800, 'jahid.khan.001', 'active', 'active', 'pending', now(), now());
INSERT INTO customers (id, customer_id, name, phone, area, package_id, monthly_bill, pppoe_username, status, connection_status, mikrotik_sync_status, created_at, updated_at) VALUES ('ca51ddd5-96b3-4758-a174-9c26f0e87bbe', 'NZ-002', 'Belal Hossain', '01822222002', 'Kaliakoir', '9ff074bf-79db-4aac-a623-ddeb18e78028', 1200, 'belal.hossain.002', 'active', 'active', 'pending', now(), now());
INSERT INTO customers (id, customer_id, name, phone, area, package_id, monthly_bill, pppoe_username, status, connection_status, mikrotik_sync_status, created_at, updated_at) VALUES ('09d79992-85ef-4c7a-9570-1e608940ace3', 'NZ-003', 'Habib Rahman', '01822222003', 'Kaliganj', '34bf1f30-054e-49f1-8a15-606dcbdcfd1e', 5000, 'habib.rahman.003', 'active', 'active', 'pending', now(), now());
INSERT INTO customers (id, customer_id, name, phone, area, package_id, monthly_bill, pppoe_username, status, connection_status, mikrotik_sync_status, created_at, updated_at) VALUES ('a2f2ec48-2e85-415a-90f2-17a27cd7118b', 'FL-001', 'Md Alamgir', '01833333001', 'Rangpur Sadar', '2aa48aa0-06f1-4cef-a2c9-581e2f4b165b', 2000, 'md.alamgir.001', 'active', 'active', 'pending', now(), now());
INSERT INTO customers (id, customer_id, name, phone, area, package_id, monthly_bill, pppoe_username, status, connection_status, mikrotik_sync_status, created_at, updated_at) VALUES ('c5e138e5-9bce-4547-9b42-f3232f197287', 'FL-002', 'Shafiq Hossain', '01833333002', 'Mithapukur', 'a03ea8d2-3833-4232-8017-04ef3e271278', 800, 'shafiq.hossain.002', 'active', 'active', 'pending', now(), now());
INSERT INTO customers (id, customer_id, name, phone, area, package_id, monthly_bill, pppoe_username, status, connection_status, mikrotik_sync_status, created_at, updated_at) VALUES ('6c97f1a7-0b1f-4b7b-b558-1554904bb3d7', 'FL-003', 'Rafiq Sarkar', '01833333003', 'Rangpur Sadar', '9ff074bf-79db-4aac-a623-ddeb18e78028', 1200, 'rafiq.sarkar.003', 'active', 'active', 'pending', now(), now());
INSERT INTO customers (id, customer_id, name, phone, area, package_id, monthly_bill, pppoe_username, status, connection_status, mikrotik_sync_status, created_at, updated_at) VALUES ('4f6ab355-3d82-4204-884e-afa0bc0aaadb', 'FL-004', 'Arif Billah', '01833333004', 'Mithapukur', 'cf5066a4-44fc-4aa2-b234-a691fc8583a8', 500, 'arif.billah.004', 'active', 'active', 'pending', now(), now());
INSERT INTO bills (id, customer_id, month, amount, paid_amount, status, created_at, updated_at) VALUES ('6e2c55d4-66c4-4395-aa6d-895e6bce99c8', '3e069ef3-51c9-49b1-b8f1-978d29791164', '2026-01', 500, 500, 'paid', now(), now());
INSERT INTO bills (id, customer_id, month, amount, paid_amount, status, created_at, updated_at) VALUES ('bb488d50-b6ea-4030-a8a7-f6fc58714de0', '3e069ef3-51c9-49b1-b8f1-978d29791164', '2026-02', 500, 500, 'paid', now(), now());
INSERT INTO bills (id, customer_id, month, amount, paid_amount, status, created_at, updated_at) VALUES ('8b7904ac-ed01-42f3-9b60-4d4400064ec6', '3e069ef3-51c9-49b1-b8f1-978d29791164', '2026-03', 500, 0, 'unpaid', now(), now());
INSERT INTO bills (id, customer_id, month, amount, paid_amount, status, created_at, updated_at) VALUES ('2e2f2315-b0bd-40c8-a2bd-9fd7808783e0', '3cb15f58-26c0-4387-93f5-18c9ed70a72a', '2026-01', 800, 800, 'paid', now(), now());
INSERT INTO bills (id, customer_id, month, amount, paid_amount, status, created_at, updated_at) VALUES ('5aabf5d2-289d-450a-9b12-974b72303fa3', '3cb15f58-26c0-4387-93f5-18c9ed70a72a', '2026-02', 800, 800, 'paid', now(), now());
INSERT INTO bills (id, customer_id, month, amount, paid_amount, status, created_at, updated_at) VALUES ('61e983da-d745-4993-aa84-77ef860b2139', '3cb15f58-26c0-4387-93f5-18c9ed70a72a', '2026-03', 800, 0, 'unpaid', now(), now());
INSERT INTO bills (id, customer_id, month, amount, paid_amount, status, created_at, updated_at) VALUES ('bc5ae8e9-5b3e-49ac-8a66-8f21f68e9f86', '3264b647-f6a4-4911-9dbe-ceabc2eb89db', '2026-01', 1200, 1200, 'paid', now(), now());
INSERT INTO bills (id, customer_id, month, amount, paid_amount, status, created_at, updated_at) VALUES ('9e3412a7-c3f2-43b6-b78f-a1aaff43e7e7', '3264b647-f6a4-4911-9dbe-ceabc2eb89db', '2026-02', 1200, 1200, 'paid', now(), now());
INSERT INTO bills (id, customer_id, month, amount, paid_amount, status, created_at, updated_at) VALUES ('c8bfc6e3-c42a-4601-8a53-2ce8b94e5a81', '3264b647-f6a4-4911-9dbe-ceabc2eb89db', '2026-03', 1200, 0, 'unpaid', now(), now());
INSERT INTO bills (id, customer_id, month, amount, paid_amount, status, created_at, updated_at) VALUES ('e8f0b59d-7d12-465e-a99b-3a3e2aaa75c4', 'a979b4b0-7173-4a25-a1fc-7e3b6e7bfbbb', '2026-01', 2000, 2000, 'paid', now(), now());
INSERT INTO bills (id, customer_id, month, amount, paid_amount, status, created_at, updated_at) VALUES ('18de854a-dc4b-4292-8f5f-01834333b502', 'a979b4b0-7173-4a25-a1fc-7e3b6e7bfbbb', '2026-02', 2000, 2000, 'paid', now(), now());
INSERT INTO bills (id, customer_id, month, amount, paid_amount, status, created_at, updated_at) VALUES ('0fc73a7a-72c9-42eb-97a6-4462e1a96458', 'a979b4b0-7173-4a25-a1fc-7e3b6e7bfbbb', '2026-03', 2000, 0, 'unpaid', now(), now());
INSERT INTO bills (id, customer_id, month, amount, paid_amount, status, created_at, updated_at) VALUES ('b1ac2bd5-e73c-4037-8e56-7c5c7ca26b72', '5d1566cb-8fbe-43e9-af0e-45d633c14de2', '2026-01', 500, 500, 'paid', now(), now());
INSERT INTO bills (id, customer_id, month, amount, paid_amount, status, created_at, updated_at) VALUES ('620991de-6364-4347-8894-ea8c94582118', '5d1566cb-8fbe-43e9-af0e-45d633c14de2', '2026-02', 500, 500, 'paid', now(), now());
INSERT INTO bills (id, customer_id, month, amount, paid_amount, status, created_at, updated_at) VALUES ('cb4cdb9b-11fa-4c31-92ad-cfb4192e3721', '5d1566cb-8fbe-43e9-af0e-45d633c14de2', '2026-03', 500, 0, 'unpaid', now(), now());
INSERT INTO bills (id, customer_id, month, amount, paid_amount, status, created_at, updated_at) VALUES ('aa0aa8f6-f76c-4c6d-b7c0-d08eda6ed81d', '015a166f-406c-44b4-ba64-d2fd25042180', '2026-01', 800, 800, 'paid', now(), now());
INSERT INTO bills (id, customer_id, month, amount, paid_amount, status, created_at, updated_at) VALUES ('9dde751f-a0ad-4cf1-994e-7c4822e96924', '015a166f-406c-44b4-ba64-d2fd25042180', '2026-02', 800, 800, 'paid', now(), now());
INSERT INTO bills (id, customer_id, month, amount, paid_amount, status, created_at, updated_at) VALUES ('adb28904-c4c9-45f5-8102-b8e37e2b9acd', '015a166f-406c-44b4-ba64-d2fd25042180', '2026-03', 800, 0, 'unpaid', now(), now());
INSERT INTO bills (id, customer_id, month, amount, paid_amount, status, created_at, updated_at) VALUES ('06a8784f-4428-4f55-a5ca-702b64b60fa1', 'ca51ddd5-96b3-4758-a174-9c26f0e87bbe', '2026-01', 1200, 1200, 'paid', now(), now());
INSERT INTO bills (id, customer_id, month, amount, paid_amount, status, created_at, updated_at) VALUES ('18217f9d-d2a2-47d6-bfc3-9c0e07d3d323', 'ca51ddd5-96b3-4758-a174-9c26f0e87bbe', '2026-02', 1200, 1200, 'paid', now(), now());
INSERT INTO bills (id, customer_id, month, amount, paid_amount, status, created_at, updated_at) VALUES ('9e0fc4bf-2ec1-4fcf-8cd9-2769ce5cd9d0', 'ca51ddd5-96b3-4758-a174-9c26f0e87bbe', '2026-03', 1200, 0, 'unpaid', now(), now());
INSERT INTO bills (id, customer_id, month, amount, paid_amount, status, created_at, updated_at) VALUES ('9441a376-3e9b-4446-af1d-2a51268f5b8f', '09d79992-85ef-4c7a-9570-1e608940ace3', '2026-01', 5000, 5000, 'paid', now(), now());
INSERT INTO bills (id, customer_id, month, amount, paid_amount, status, created_at, updated_at) VALUES ('45d22973-d14c-4070-99a7-42546a6e4b8d', '09d79992-85ef-4c7a-9570-1e608940ace3', '2026-02', 5000, 5000, 'paid', now(), now());
INSERT INTO bills (id, customer_id, month, amount, paid_amount, status, created_at, updated_at) VALUES ('1ef3bce6-2197-427e-88c2-da9854429958', '09d79992-85ef-4c7a-9570-1e608940ace3', '2026-03', 5000, 0, 'unpaid', now(), now());
INSERT INTO bills (id, customer_id, month, amount, paid_amount, status, created_at, updated_at) VALUES ('6c87aa86-9a33-4a44-a758-65029dba5844', 'a2f2ec48-2e85-415a-90f2-17a27cd7118b', '2026-01', 2000, 2000, 'paid', now(), now());
INSERT INTO bills (id, customer_id, month, amount, paid_amount, status, created_at, updated_at) VALUES ('aa9d9417-6d45-4179-a51b-f38199de1a13', 'a2f2ec48-2e85-415a-90f2-17a27cd7118b', '2026-02', 2000, 2000, 'paid', now(), now());
INSERT INTO bills (id, customer_id, month, amount, paid_amount, status, created_at, updated_at) VALUES ('190a9494-c756-45a0-9e09-f03c513791cf', 'a2f2ec48-2e85-415a-90f2-17a27cd7118b', '2026-03', 2000, 0, 'unpaid', now(), now());
INSERT INTO bills (id, customer_id, month, amount, paid_amount, status, created_at, updated_at) VALUES ('d68ee3e1-1907-42f3-a930-f7e96e9513f9', 'c5e138e5-9bce-4547-9b42-f3232f197287', '2026-01', 800, 800, 'paid', now(), now());
INSERT INTO bills (id, customer_id, month, amount, paid_amount, status, created_at, updated_at) VALUES ('b9eb9f05-3272-451e-b723-4272ec38ac0f', 'c5e138e5-9bce-4547-9b42-f3232f197287', '2026-02', 800, 800, 'paid', now(), now());
INSERT INTO bills (id, customer_id, month, amount, paid_amount, status, created_at, updated_at) VALUES ('14e97670-9308-4d84-bed3-fee444ad030f', 'c5e138e5-9bce-4547-9b42-f3232f197287', '2026-03', 800, 0, 'unpaid', now(), now());
INSERT INTO bills (id, customer_id, month, amount, paid_amount, status, created_at, updated_at) VALUES ('28c95ad0-d8d2-4072-9855-c2122d622bb8', '6c97f1a7-0b1f-4b7b-b558-1554904bb3d7', '2026-01', 1200, 1200, 'paid', now(), now());
INSERT INTO bills (id, customer_id, month, amount, paid_amount, status, created_at, updated_at) VALUES ('2cbe7c75-6ff9-455a-ac15-0c72236c3372', '6c97f1a7-0b1f-4b7b-b558-1554904bb3d7', '2026-02', 1200, 1200, 'paid', now(), now());
INSERT INTO bills (id, customer_id, month, amount, paid_amount, status, created_at, updated_at) VALUES ('e365a9b4-2795-47ae-92cf-be3778f2a108', '6c97f1a7-0b1f-4b7b-b558-1554904bb3d7', '2026-03', 1200, 0, 'unpaid', now(), now());
INSERT INTO bills (id, customer_id, month, amount, paid_amount, status, created_at, updated_at) VALUES ('60ff2efc-b4d1-4d2a-a36d-b177a67fba9c', '4f6ab355-3d82-4204-884e-afa0bc0aaadb', '2026-01', 500, 500, 'paid', now(), now());
INSERT INTO bills (id, customer_id, month, amount, paid_amount, status, created_at, updated_at) VALUES ('2ecdaab4-9288-44cd-a6e3-d80a92bdeecf', '4f6ab355-3d82-4204-884e-afa0bc0aaadb', '2026-02', 500, 500, 'paid', now(), now());
INSERT INTO bills (id, customer_id, month, amount, paid_amount, status, created_at, updated_at) VALUES ('e12d1865-933e-4f35-9371-e9f3d9fabf0b', '4f6ab355-3d82-4204-884e-afa0bc0aaadb', '2026-03', 500, 0, 'unpaid', now(), now());
INSERT INTO accounts (id, name, code, type, level, parent_id, balance, status, is_system, is_active, created_at, updated_at) VALUES ('f233720a-a631-4105-868e-0508f79391b5', 'Assets', '1000', 'asset', 0, NULL, 0, 'active', true, true, now(), now());
INSERT INTO accounts (id, name, code, type, level, parent_id, balance, status, is_system, is_active, created_at, updated_at) VALUES ('8f898781-2363-4005-a477-87b773d06a85', 'Current Assets', '1100', 'asset', 1, 'f233720a-a631-4105-868e-0508f79391b5', 0, 'active', true, true, now(), now());
INSERT INTO accounts (id, name, code, type, level, parent_id, balance, status, is_system, is_active, created_at, updated_at) VALUES ('1e484d07-a08b-4707-bdbf-d71db68ea853', 'Cash in Hand', '1101', 'asset', 2, '8f898781-2363-4005-a477-87b773d06a85', 0, 'active', true, true, now(), now());
INSERT INTO accounts (id, name, code, type, level, parent_id, balance, status, is_system, is_active, created_at, updated_at) VALUES ('a1bf33a0-fac5-4cc5-8ef3-a16e14b71b03', 'Cash at Bank', '1102', 'asset', 2, '8f898781-2363-4005-a477-87b773d06a85', 0, 'active', true, true, now(), now());
INSERT INTO accounts (id, name, code, type, level, parent_id, balance, status, is_system, is_active, created_at, updated_at) VALUES ('89366739-576a-45de-b22e-64be00a60f38', 'Accounts Receivable', '1103', 'asset', 2, '8f898781-2363-4005-a477-87b773d06a85', 0, 'active', true, true, now(), now());
INSERT INTO accounts (id, name, code, type, level, parent_id, balance, status, is_system, is_active, created_at, updated_at) VALUES ('a5fdbf08-4dc5-420c-92c6-f6cd95a0fea3', 'Inventory', '1104', 'asset', 2, '8f898781-2363-4005-a477-87b773d06a85', 0, 'active', true, true, now(), now());
INSERT INTO accounts (id, name, code, type, level, parent_id, balance, status, is_system, is_active, created_at, updated_at) VALUES ('28bdd665-65a2-4b77-bb4f-ffbd9068d701', 'Advance Payments', '1105', 'asset', 2, '8f898781-2363-4005-a477-87b773d06a85', 0, 'active', true, true, now(), now());
INSERT INTO accounts (id, name, code, type, level, parent_id, balance, status, is_system, is_active, created_at, updated_at) VALUES ('fa40903a-3f81-46fe-ab59-e44dd5014a90', 'Fixed Assets', '1200', 'asset', 1, 'f233720a-a631-4105-868e-0508f79391b5', 0, 'active', true, true, now(), now());
INSERT INTO accounts (id, name, code, type, level, parent_id, balance, status, is_system, is_active, created_at, updated_at) VALUES ('1d08659b-48aa-4255-8ba0-0ec43bf7b6be', 'Equipment', '1201', 'asset', 2, 'fa40903a-3f81-46fe-ab59-e44dd5014a90', 0, 'active', true, true, now(), now());
INSERT INTO accounts (id, name, code, type, level, parent_id, balance, status, is_system, is_active, created_at, updated_at) VALUES ('4bc81226-94eb-447d-aeae-d6ed4af46086', 'Furniture', '1202', 'asset', 2, 'fa40903a-3f81-46fe-ab59-e44dd5014a90', 0, 'active', true, true, now(), now());
INSERT INTO accounts (id, name, code, type, level, parent_id, balance, status, is_system, is_active, created_at, updated_at) VALUES ('065ea8a6-fb00-43af-b612-c54c89c46578', 'Network Infrastructure', '1203', 'asset', 2, 'fa40903a-3f81-46fe-ab59-e44dd5014a90', 0, 'active', true, true, now(), now());
INSERT INTO accounts (id, name, code, type, level, parent_id, balance, status, is_system, is_active, created_at, updated_at) VALUES ('1bf91d7f-8a5e-4ff9-9513-3bc966b83bae', 'Liabilities', '2000', 'liability', 0, NULL, 0, 'active', true, true, now(), now());
INSERT INTO accounts (id, name, code, type, level, parent_id, balance, status, is_system, is_active, created_at, updated_at) VALUES ('5c142ad5-78b7-48cc-bb08-e869df959bb4', 'Current Liabilities', '2100', 'liability', 1, '1bf91d7f-8a5e-4ff9-9513-3bc966b83bae', 0, 'active', true, true, now(), now());
INSERT INTO accounts (id, name, code, type, level, parent_id, balance, status, is_system, is_active, created_at, updated_at) VALUES ('f4042126-0373-4c59-b99f-cbcb1f631ba1', 'Accounts Payable', '2101', 'liability', 2, '5c142ad5-78b7-48cc-bb08-e869df959bb4', 0, 'active', true, true, now(), now());
INSERT INTO accounts (id, name, code, type, level, parent_id, balance, status, is_system, is_active, created_at, updated_at) VALUES ('cdee2df7-8a9a-46fe-9db1-f33d30f44c06', 'Salary Payable', '2102', 'liability', 2, '5c142ad5-78b7-48cc-bb08-e869df959bb4', 0, 'active', true, true, now(), now());
INSERT INTO accounts (id, name, code, type, level, parent_id, balance, status, is_system, is_active, created_at, updated_at) VALUES ('9c2b3ec6-a89a-4d9e-a1ca-1e2b3d47d0b1', 'Tax Payable', '2103', 'liability', 2, '5c142ad5-78b7-48cc-bb08-e869df959bb4', 0, 'active', true, true, now(), now());
INSERT INTO accounts (id, name, code, type, level, parent_id, balance, status, is_system, is_active, created_at, updated_at) VALUES ('d4a7c04e-b0f5-4b99-923f-1d7f3eeb86e5', 'Advance from Customers', '2104', 'liability', 2, '5c142ad5-78b7-48cc-bb08-e869df959bb4', 0, 'active', true, true, now(), now());
INSERT INTO accounts (id, name, code, type, level, parent_id, balance, status, is_system, is_active, created_at, updated_at) VALUES ('cc4d0fb3-fe1c-4e5d-a5a1-8a78bb16a3f3', 'Long-term Liabilities', '2200', 'liability', 1, '1bf91d7f-8a5e-4ff9-9513-3bc966b83bae', 0, 'active', true, true, now(), now());
INSERT INTO accounts (id, name, code, type, level, parent_id, balance, status, is_system, is_active, created_at, updated_at) VALUES ('61ee5d7e-4556-4d90-ac77-a2ffb4a6a539', 'Bank Loan', '2201', 'liability', 2, 'cc4d0fb3-fe1c-4e5d-a5a1-8a78bb16a3f3', 0, 'active', true, true, now(), now());
INSERT INTO accounts (id, name, code, type, level, parent_id, balance, status, is_system, is_active, created_at, updated_at) VALUES ('bff818c7-9b0e-4a94-ab4b-7ce5c1c8e14b', 'Equity', '3000', 'equity', 0, NULL, 0, 'active', true, true, now(), now());
INSERT INTO accounts (id, name, code, type, level, parent_id, balance, status, is_system, is_active, created_at, updated_at) VALUES ('cd3e5d28-e851-4cbf-9bb3-e7b7a9a50c8e', 'Owner Equity', '3100', 'equity', 1, 'bff818c7-9b0e-4a94-ab4b-7ce5c1c8e14b', 0, 'active', true, true, now(), now());
INSERT INTO accounts (id, name, code, type, level, parent_id, balance, status, is_system, is_active, created_at, updated_at) VALUES ('a3437e70-4bb5-4bf6-a3e3-10e28f8a5ef1', 'Capital Account', '3101', 'equity', 2, 'cd3e5d28-e851-4cbf-9bb3-e7b7a9a50c8e', 0, 'active', true, true, now(), now());
INSERT INTO accounts (id, name, code, type, level, parent_id, balance, status, is_system, is_active, created_at, updated_at) VALUES ('47a88f3d-ec0a-4c59-82ac-3b04a78ac8dc', 'Retained Earnings', '3102', 'equity', 2, 'cd3e5d28-e851-4cbf-9bb3-e7b7a9a50c8e', 0, 'active', true, true, now(), now());
INSERT INTO accounts (id, name, code, type, level, parent_id, balance, status, is_system, is_active, created_at, updated_at) VALUES ('b2e98b1f-7f0a-4e55-bc3e-b2f02c6d2fe5', 'Revenue', '4000', 'revenue', 0, NULL, 0, 'active', true, true, now(), now());
INSERT INTO accounts (id, name, code, type, level, parent_id, balance, status, is_system, is_active, created_at, updated_at) VALUES ('80b3e7dc-85ac-41da-83e1-1ee5a1f46ca1', 'Operating Revenue', '4100', 'revenue', 1, 'b2e98b1f-7f0a-4e55-bc3e-b2f02c6d2fe5', 0, 'active', true, true, now(), now());
INSERT INTO accounts (id, name, code, type, level, parent_id, balance, status, is_system, is_active, created_at, updated_at) VALUES ('ba67ad3e-033c-4cd0-8c52-277a62fb523e', 'Monthly Subscription Income', '4101', 'revenue', 2, '80b3e7dc-85ac-41da-83e1-1ee5a1f46ca1', 0, 'active', true, true, now(), now());
INSERT INTO accounts (id, name, code, type, level, parent_id, balance, status, is_system, is_active, created_at, updated_at) VALUES ('31aa1618-5b3d-4f0b-8e91-f1c67a81cd71', 'Installation Income', '4102', 'revenue', 2, '80b3e7dc-85ac-41da-83e1-1ee5a1f46ca1', 0, 'active', true, true, now(), now());
INSERT INTO accounts (id, name, code, type, level, parent_id, balance, status, is_system, is_active, created_at, updated_at) VALUES ('22e59e1c-0538-4c75-acc3-a45cb9e7e53c', 'Reconnection Income', '4103', 'revenue', 2, '80b3e7dc-85ac-41da-83e1-1ee5a1f46ca1', 0, 'active', true, true, now(), now());
INSERT INTO accounts (id, name, code, type, level, parent_id, balance, status, is_system, is_active, created_at, updated_at) VALUES ('c0dd0b95-9093-40b2-bd54-82e4f22c2ced', 'Equipment Sales Income', '4104', 'revenue', 2, '80b3e7dc-85ac-41da-83e1-1ee5a1f46ca1', 0, 'active', true, true, now(), now());
INSERT INTO accounts (id, name, code, type, level, parent_id, balance, status, is_system, is_active, created_at, updated_at) VALUES ('43ce00e2-48e1-4fef-b1f4-e0edf24b26d7', 'Late Fee Income', '4105', 'revenue', 2, '80b3e7dc-85ac-41da-83e1-1ee5a1f46ca1', 0, 'active', true, true, now(), now());
INSERT INTO accounts (id, name, code, type, level, parent_id, balance, status, is_system, is_active, created_at, updated_at) VALUES ('fa7cc8fd-a2d2-4cca-8ccb-11b7dfe2dfa2', 'Other Revenue', '4200', 'revenue', 1, 'b2e98b1f-7f0a-4e55-bc3e-b2f02c6d2fe5', 0, 'active', true, true, now(), now());
INSERT INTO accounts (id, name, code, type, level, parent_id, balance, status, is_system, is_active, created_at, updated_at) VALUES ('1b906f01-4ff2-4399-b7d8-73faae8e96e2', 'Interest Income', '4201', 'revenue', 2, 'fa7cc8fd-a2d2-4cca-8ccb-11b7dfe2dfa2', 0, 'active', true, true, now(), now());
INSERT INTO accounts (id, name, code, type, level, parent_id, balance, status, is_system, is_active, created_at, updated_at) VALUES ('7f8ca4e1-d6f3-4eb1-8af8-26b09fe3be04', 'Miscellaneous Income', '4202', 'revenue', 2, 'fa7cc8fd-a2d2-4cca-8ccb-11b7dfe2dfa2', 0, 'active', true, true, now(), now());
INSERT INTO accounts (id, name, code, type, level, parent_id, balance, status, is_system, is_active, created_at, updated_at) VALUES ('cbc76758-6b91-4af8-a2a9-f5e3be9b11f4', 'Expenses', '5000', 'expense', 0, NULL, 0, 'active', true, true, now(), now());
INSERT INTO accounts (id, name, code, type, level, parent_id, balance, status, is_system, is_active, created_at, updated_at) VALUES ('6b3f97b3-9c5d-4cd5-aacc-c8b03a74e08e', 'Operating Expenses', '5100', 'expense', 1, 'cbc76758-6b91-4af8-a2a9-f5e3be9b11f4', 0, 'active', true, true, now(), now());
INSERT INTO accounts (id, name, code, type, level, parent_id, balance, status, is_system, is_active, created_at, updated_at) VALUES ('e18f4ef4-81d1-4540-a8fe-c2cbb86ba4a6', 'Salary Expense', '5101', 'expense', 2, '6b3f97b3-9c5d-4cd5-aacc-c8b03a74e08e', 0, 'active', true, true, now(), now());
INSERT INTO accounts (id, name, code, type, level, parent_id, balance, status, is_system, is_active, created_at, updated_at) VALUES ('db7bb327-7be2-4c6e-b3a8-e1d2dc3e5d2b', 'Rent Expense', '5102', 'expense', 2, '6b3f97b3-9c5d-4cd5-aacc-c8b03a74e08e', 0, 'active', true, true, now(), now());
INSERT INTO accounts (id, name, code, type, level, parent_id, balance, status, is_system, is_active, created_at, updated_at) VALUES ('eb2d108a-b06c-42cf-98e9-4fd4c2a8c9d0', 'Electricity Expense', '5103', 'expense', 2, '6b3f97b3-9c5d-4cd5-aacc-c8b03a74e08e', 0, 'active', true, true, now(), now());
INSERT INTO accounts (id, name, code, type, level, parent_id, balance, status, is_system, is_active, created_at, updated_at) VALUES ('12224e20-bc52-4c1e-88fe-11fa0c498b4c', 'Internet Bandwidth Cost', '5104', 'expense', 2, '6b3f97b3-9c5d-4cd5-aacc-c8b03a74e08e', 0, 'active', true, true, now(), now());
INSERT INTO accounts (id, name, code, type, level, parent_id, balance, status, is_system, is_active, created_at, updated_at) VALUES ('eddf8edc-ea2b-4607-9e0d-d3fa8b2dded2', 'Office Supplies', '5105', 'expense', 2, '6b3f97b3-9c5d-4cd5-aacc-c8b03a74e08e', 0, 'active', true, true, now(), now());
INSERT INTO accounts (id, name, code, type, level, parent_id, balance, status, is_system, is_active, created_at, updated_at) VALUES ('1cb60b4c-d2c2-44df-bc10-0c05e26c3c06', 'Transportation Expense', '5106', 'expense', 2, '6b3f97b3-9c5d-4cd5-aacc-c8b03a74e08e', 0, 'active', true, true, now(), now());
INSERT INTO accounts (id, name, code, type, level, parent_id, balance, status, is_system, is_active, created_at, updated_at) VALUES ('e25fcfce-04ba-428c-a8a2-8bcbe3a6e27e', 'Marketing Expense', '5107', 'expense', 2, '6b3f97b3-9c5d-4cd5-aacc-c8b03a74e08e', 0, 'active', true, true, now(), now());
INSERT INTO accounts (id, name, code, type, level, parent_id, balance, status, is_system, is_active, created_at, updated_at) VALUES ('86b83fa2-f59d-48d8-9405-0b3aeadc4bb2', 'Repair & Maintenance', '5108', 'expense', 2, '6b3f97b3-9c5d-4cd5-aacc-c8b03a74e08e', 0, 'active', true, true, now(), now());
INSERT INTO accounts (id, name, code, type, level, parent_id, balance, status, is_system, is_active, created_at, updated_at) VALUES ('1c0a4c28-3e09-4dfe-842f-60ad08acac91', 'Cost of Goods Sold', '5200', 'expense', 1, 'cbc76758-6b91-4af8-a2a9-f5e3be9b11f4', 0, 'active', true, true, now(), now());
INSERT INTO accounts (id, name, code, type, level, parent_id, balance, status, is_system, is_active, created_at, updated_at) VALUES ('c7417c9d-68bb-48d4-933d-864efad14b91', 'Equipment Purchase Cost', '5201', 'expense', 2, '1c0a4c28-3e09-4dfe-842f-60ad08acac91', 0, 'active', true, true, now(), now());
INSERT INTO accounts (id, name, code, type, level, parent_id, balance, status, is_system, is_active, created_at, updated_at) VALUES ('3ec8dd86-f9d3-43aa-bfd2-a4b14f8e5a89', 'Cable & Material Cost', '5202', 'expense', 2, '1c0a4c28-3e09-4dfe-842f-60ad08acac91', 0, 'active', true, true, now(), now());